,Category,Subcategory,Review A Score,Review B Score,A,B,File,Comparison,Paragraph A,Author A,Paragraph B,Author B
0,Content Quality,Topic Relevance,7.5,8.0,Paragraph1_9,Paragraph1_10,Comparison0_Paragraph1_9@Paragraph1_10.txt,0,1,9,1,10
1,Content Quality,Comprehensiveness of Information,6.5,7.5,Paragraph1_9,Paragraph1_10,Comparison0_Paragraph1_9@Paragraph1_10.txt,0,1,9,1,10
2,Content Quality,Accuracy of Information,8.0,8.0,Paragraph1_9,Paragraph1_10,Comparison0_Paragraph1_9@Paragraph1_10.txt,0,1,9,1,10
3,Content Quality,Innovativeness of Viewpoints,5.5,7.0,Paragraph1_9,Paragraph1_10,Comparison0_Paragraph1_9@Paragraph1_10.txt,0,1,9,1,10
4,Content Quality,Integration of Interdisciplinary Perspectives,6.5,7.5,Paragraph1_9,Paragraph1_10,Comparison0_Paragraph1_9@Paragraph1_10.txt,0,1,9,1,10
5,Structure and Organization,Clarity of Logical Structure,8.5,7.5,Paragraph1_9,Paragraph1_10,Comparison0_Paragraph1_9@Paragraph1_10.txt,0,1,9,1,10
6,Structure and Organization,Reasonableness of Chapter Arrangement,8.0,6.5,Paragraph1_9,Paragraph1_10,Comparison0_Paragraph1_9@Paragraph1_10.txt,0,1,9,1,10
7,Structure and Organization,Quality of Introduction and Conclusion,7.5,6.5,Paragraph1_9,Paragraph1_10,Comparison0_Paragraph1_9@Paragraph1_10.txt,0,1,9,1,10
8,Academic Standards,Accuracy and Completeness of Citations,9.0,8.5,Paragraph1_9,Paragraph1_10,Comparison0_Paragraph1_9@Paragraph1_10.txt,0,1,9,1,10
9,Academic Standards,Timeliness and Relevance of References,8.5,7.5,Paragraph1_9,Paragraph1_10,Comparison0_Paragraph1_9@Paragraph1_10.txt,0,1,9,1,10
10,Academic Standards,Avoidance of Plagiarism and Appropriate Citation,7.5,7.5,Paragraph1_9,Paragraph1_10,Comparison0_Paragraph1_9@Paragraph1_10.txt,0,1,9,1,10
11,Innovation and Contribution,Critical Analysis of Existing Research,6.5,8.0,Paragraph1_9,Paragraph1_10,Comparison0_Paragraph1_9@Paragraph1_10.txt,0,1,9,1,10
12,Innovation and Contribution,Proposal of New Research Directions or Questions,6.0,7.5,Paragraph1_9,Paragraph1_10,Comparison0_Paragraph1_9@Paragraph1_10.txt,0,1,9,1,10
13,Innovation and Contribution,Potential Contribution to the Field,7.0,8.0,Paragraph1_9,Paragraph1_10,Comparison0_Paragraph1_9@Paragraph1_10.txt,0,1,9,1,10
14,Methodology Assessment,Clarity of Research Method Description,7.5,6.5,Paragraph1_9,Paragraph1_10,Comparison0_Paragraph1_9@Paragraph1_10.txt,0,1,9,1,10
15,Methodology Assessment,Rationality of Method Selection,7.5,6.5,Paragraph1_9,Paragraph1_10,Comparison0_Paragraph1_9@Paragraph1_10.txt,0,1,9,1,10
16,Methodology Assessment,Rigor of Research Design,6.5,5.5,Paragraph1_9,Paragraph1_10,Comparison0_Paragraph1_9@Paragraph1_10.txt,0,1,9,1,10
17,Timeliness and Cutting-edge Nature,Inclusion of Latest Research Results,8.0,7.0,Paragraph1_9,Paragraph1_10,Comparison0_Paragraph1_9@Paragraph1_10.txt,0,1,9,1,10
18,Timeliness and Cutting-edge Nature,Reflection of Current Research Hotspots,7.5,6.5,Paragraph1_9,Paragraph1_10,Comparison0_Paragraph1_9@Paragraph1_10.txt,0,1,9,1,10
19,Writing Quality,Fluency of Language Expression,8.0,6.5,Paragraph1_9,Paragraph1_10,Comparison0_Paragraph1_9@Paragraph1_10.txt,0,1,9,1,10
20,Writing Quality,Appropriateness of Professional Terminology Use,7.5,6.5,Paragraph1_9,Paragraph1_10,Comparison0_Paragraph1_9@Paragraph1_10.txt,0,1,9,1,10
21,Writing Quality,Conciseness of Expression,7.5,6.5,Paragraph1_9,Paragraph1_10,Comparison0_Paragraph1_9@Paragraph1_10.txt,0,1,9,1,10
22,Practicality and Application Value,Practical Application Potential of Research Results,8.0,6.5,Paragraph1_9,Paragraph1_10,Comparison0_Paragraph1_9@Paragraph1_10.txt,0,1,9,1,10
23,Practicality and Application Value,Feasibility of Proposed Suggestions,7.5,6.0,Paragraph1_9,Paragraph1_10,Comparison0_Paragraph1_9@Paragraph1_10.txt,0,1,9,1,10
24,Critical Thinking,Logic of Argumentation,7.5,6.5,Paragraph1_9,Paragraph1_10,Comparison0_Paragraph1_9@Paragraph1_10.txt,0,1,9,1,10
25,Critical Thinking,Multi-angle Analysis of Problems,7.0,6.5,Paragraph1_9,Paragraph1_10,Comparison0_Paragraph1_9@Paragraph1_10.txt,0,1,9,1,10
26,Critical Thinking,Identification and Discussion of Research Limitations,6.5,6.0,Paragraph1_9,Paragraph1_10,Comparison0_Paragraph1_9@Paragraph1_10.txt,0,1,9,1,10
27,Content Quality,Topic Relevance,7.5,6.5,Paragraph1_10,Paragraph1_9,Comparison2_Paragraph1_10@Paragraph1_9.txt,2,1,10,1,9
28,Content Quality,Comprehensiveness of Information,7.5,7.0,Paragraph1_10,Paragraph1_9,Comparison2_Paragraph1_10@Paragraph1_9.txt,2,1,10,1,9
29,Content Quality,Accuracy of Information,8.0,7.5,Paragraph1_10,Paragraph1_9,Comparison2_Paragraph1_10@Paragraph1_9.txt,2,1,10,1,9
30,Content Quality,Innovativeness of Viewpoints,6.5,8.0,Paragraph1_10,Paragraph1_9,Comparison2_Paragraph1_10@Paragraph1_9.txt,2,1,10,1,9
31,Content Quality,Integration of Interdisciplinary Perspectives,8.0,7.0,Paragraph1_10,Paragraph1_9,Comparison2_Paragraph1_10@Paragraph1_9.txt,2,1,10,1,9
32,Structure and Organization,Clarity of Logical Structure,8.5,6.5,Paragraph1_10,Paragraph1_9,Comparison2_Paragraph1_10@Paragraph1_9.txt,2,1,10,1,9
33,Structure and Organization,Reasonableness of Chapter Arrangement,8.0,6.5,Paragraph1_10,Paragraph1_9,Comparison2_Paragraph1_10@Paragraph1_9.txt,2,1,10,1,9
34,Structure and Organization,Quality of Introduction and Conclusion,7.5,5.5,Paragraph1_10,Paragraph1_9,Comparison2_Paragraph1_10@Paragraph1_9.txt,2,1,10,1,9
35,Academic Standards,Accuracy and Completeness of Citations,9.0,8.0,Paragraph1_10,Paragraph1_9,Comparison2_Paragraph1_10@Paragraph1_9.txt,2,1,10,1,9
36,Academic Standards,Timeliness and Relevance of References,8.0,6.5,Paragraph1_10,Paragraph1_9,Comparison2_Paragraph1_10@Paragraph1_9.txt,2,1,10,1,9
37,Academic Standards,Avoidance of Plagiarism and Appropriate Citation,7.5,6.5,Paragraph1_10,Paragraph1_9,Comparison2_Paragraph1_10@Paragraph1_9.txt,2,1,10,1,9
38,Innovation and Contribution,Critical Analysis of Existing Research,7.5,8.5,Paragraph1_10,Paragraph1_9,Comparison2_Paragraph1_10@Paragraph1_9.txt,2,1,10,1,9
39,Innovation and Contribution,Proposal of New Research Directions or Questions,5.5,8.5,Paragraph1_10,Paragraph1_9,Comparison2_Paragraph1_10@Paragraph1_9.txt,2,1,10,1,9
40,Innovation and Contribution,Potential Contribution to the Field,7.5,8.5,Paragraph1_10,Paragraph1_9,Comparison2_Paragraph1_10@Paragraph1_9.txt,2,1,10,1,9
41,Methodology Assessment,Clarity of Research Method Description,7.0,6.0,Paragraph1_10,Paragraph1_9,Comparison2_Paragraph1_10@Paragraph1_9.txt,2,1,10,1,9
42,Methodology Assessment,Rationality of Method Selection,7.0,6.5,Paragraph1_10,Paragraph1_9,Comparison2_Paragraph1_10@Paragraph1_9.txt,2,1,10,1,9
43,Methodology Assessment,Rigor of Research Design,6.0,5.5,Paragraph1_10,Paragraph1_9,Comparison2_Paragraph1_10@Paragraph1_9.txt,2,1,10,1,9
44,Timeliness and Cutting-edge Nature,Inclusion of Latest Research Results,8.0,6.5,Paragraph1_10,Paragraph1_9,Comparison2_Paragraph1_10@Paragraph1_9.txt,2,1,10,1,9
45,Timeliness and Cutting-edge Nature,Reflection of Current Research Hotspots,8.0,6.5,Paragraph1_10,Paragraph1_9,Comparison2_Paragraph1_10@Paragraph1_9.txt,2,1,10,1,9
46,Writing Quality,Fluency of Language Expression,5.0,4.5,Paragraph1_10,Paragraph1_9,Comparison2_Paragraph1_10@Paragraph1_9.txt,2,1,10,1,9
47,Writing Quality,Appropriateness of Professional Terminology Use,5.0,4.5,Paragraph1_10,Paragraph1_9,Comparison2_Paragraph1_10@Paragraph1_9.txt,2,1,10,1,9
48,Writing Quality,Conciseness of Expression,5.0,4.5,Paragraph1_10,Paragraph1_9,Comparison2_Paragraph1_10@Paragraph1_9.txt,2,1,10,1,9
49,Practicality and Application Value,Practical Application Potential of Research Results,7.5,6.5,Paragraph1_10,Paragraph1_9,Comparison2_Paragraph1_10@Paragraph1_9.txt,2,1,10,1,9
50,Practicality and Application Value,Feasibility of Proposed Suggestions,7.5,6.5,Paragraph1_10,Paragraph1_9,Comparison2_Paragraph1_10@Paragraph1_9.txt,2,1,10,1,9
51,Critical Thinking,Logic of Argumentation,6.5,5.5,Paragraph1_10,Paragraph1_9,Comparison2_Paragraph1_10@Paragraph1_9.txt,2,1,10,1,9
52,Critical Thinking,Multi-angle Analysis of Problems,7.0,6.0,Paragraph1_10,Paragraph1_9,Comparison2_Paragraph1_10@Paragraph1_9.txt,2,1,10,1,9
53,Critical Thinking,Identification and Discussion of Research Limitations,6.0,7.0,Paragraph1_10,Paragraph1_9,Comparison2_Paragraph1_10@Paragraph1_9.txt,2,1,10,1,9
54,Content Quality,Topic Relevance,7.5,6.5,Paragraph1_10,Paragraph1_9,Comparison4_Paragraph1_10@Paragraph1_9.txt,4,1,10,1,9
55,Content Quality,Comprehensiveness of Information,8.0,7.0,Paragraph1_10,Paragraph1_9,Comparison4_Paragraph1_10@Paragraph1_9.txt,4,1,10,1,9
56,Content Quality,Accuracy of Information,8.0,8.0,Paragraph1_10,Paragraph1_9,Comparison4_Paragraph1_10@Paragraph1_9.txt,4,1,10,1,9
57,Content Quality,Innovativeness of Viewpoints,7.0,7.5,Paragraph1_10,Paragraph1_9,Comparison4_Paragraph1_10@Paragraph1_9.txt,4,1,10,1,9
58,Content Quality,Integration of Interdisciplinary Perspectives,8.0,6.5,Paragraph1_10,Paragraph1_9,Comparison4_Paragraph1_10@Paragraph1_9.txt,4,1,10,1,9
59,Structure and Organization,Clarity of Logical Structure,9.0,6.5,Paragraph1_10,Paragraph1_9,Comparison4_Paragraph1_10@Paragraph1_9.txt,4,1,10,1,9
60,Structure and Organization,Reasonableness of Chapter Arrangement,8.0,7.0,Paragraph1_10,Paragraph1_9,Comparison4_Paragraph1_10@Paragraph1_9.txt,4,1,10,1,9
61,Structure and Organization,Quality of Introduction and Conclusion,7.0,6.5,Paragraph1_10,Paragraph1_9,Comparison4_Paragraph1_10@Paragraph1_9.txt,4,1,10,1,9
62,Academic Standards,Accuracy and Completeness of Citations,9.0,8.0,Paragraph1_10,Paragraph1_9,Comparison4_Paragraph1_10@Paragraph1_9.txt,4,1,10,1,9
63,Academic Standards,Timeliness and Relevance of References,8.5,7.5,Paragraph1_10,Paragraph1_9,Comparison4_Paragraph1_10@Paragraph1_9.txt,4,1,10,1,9
64,Academic Standards,Avoidance of Plagiarism and Appropriate Citation,7.0,7.0,Paragraph1_10,Paragraph1_9,Comparison4_Paragraph1_10@Paragraph1_9.txt,4,1,10,1,9
65,Innovation and Contribution,Critical Analysis of Existing Research,7.5,8.0,Paragraph1_10,Paragraph1_9,Comparison4_Paragraph1_10@Paragraph1_9.txt,4,1,10,1,9
66,Innovation and Contribution,Proposal of New Research Directions or Questions,6.5,8.0,Paragraph1_10,Paragraph1_9,Comparison4_Paragraph1_10@Paragraph1_9.txt,4,1,10,1,9
67,Innovation and Contribution,Potential Contribution to the Field,8.0,7.5,Paragraph1_10,Paragraph1_9,Comparison4_Paragraph1_10@Paragraph1_9.txt,4,1,10,1,9
68,Methodology Assessment,Clarity of Research Method Description,7.5,6.5,Paragraph1_10,Paragraph1_9,Comparison4_Paragraph1_10@Paragraph1_9.txt,4,1,10,1,9
69,Methodology Assessment,Rationality of Method Selection,7.5,7.0,Paragraph1_10,Paragraph1_9,Comparison4_Paragraph1_10@Paragraph1_9.txt,4,1,10,1,9
70,Methodology Assessment,Rigor of Research Design,6.5,6.0,Paragraph1_10,Paragraph1_9,Comparison4_Paragraph1_10@Paragraph1_9.txt,4,1,10,1,9
71,Timeliness and Cutting-edge Nature,Inclusion of Latest Research Results,8.5,7.5,Paragraph1_10,Paragraph1_9,Comparison4_Paragraph1_10@Paragraph1_9.txt,4,1,10,1,9
72,Timeliness and Cutting-edge Nature,Reflection of Current Research Hotspots,8.0,7.0,Paragraph1_10,Paragraph1_9,Comparison4_Paragraph1_10@Paragraph1_9.txt,4,1,10,1,9
73,Writing Quality,Fluency of Language Expression,5.0,4.5,Paragraph1_10,Paragraph1_9,Comparison4_Paragraph1_10@Paragraph1_9.txt,4,1,10,1,9
74,Writing Quality,Appropriateness of Professional Terminology Use,5.0,4.5,Paragraph1_10,Paragraph1_9,Comparison4_Paragraph1_10@Paragraph1_9.txt,4,1,10,1,9
75,Writing Quality,Conciseness of Expression,5.0,4.5,Paragraph1_10,Paragraph1_9,Comparison4_Paragraph1_10@Paragraph1_9.txt,4,1,10,1,9
76,Practicality and Application Value,Practical Application Potential of Research Results,8.0,7.0,Paragraph1_10,Paragraph1_9,Comparison4_Paragraph1_10@Paragraph1_9.txt,4,1,10,1,9
77,Practicality and Application Value,Feasibility of Proposed Suggestions,7.0,6.5,Paragraph1_10,Paragraph1_9,Comparison4_Paragraph1_10@Paragraph1_9.txt,4,1,10,1,9
78,Critical Thinking,Logic of Argumentation,7.0,6.5,Paragraph1_10,Paragraph1_9,Comparison4_Paragraph1_10@Paragraph1_9.txt,4,1,10,1,9
79,Critical Thinking,Multi-angle Analysis of Problems,7.0,6.5,Paragraph1_10,Paragraph1_9,Comparison4_Paragraph1_10@Paragraph1_9.txt,4,1,10,1,9
80,Critical Thinking,Identification and Discussion of Research Limitations,6.5,6.0,Paragraph1_10,Paragraph1_9,Comparison4_Paragraph1_10@Paragraph1_9.txt,4,1,10,1,9
81,Content Quality,Topic Relevance,7.5,7.5,Paragraph1_9,Paragraph1_10,Comparison2_Paragraph1_9@Paragraph1_10.txt,2,1,9,1,10
82,Content Quality,Comprehensiveness of Information,6.5,8.0,Paragraph1_9,Paragraph1_10,Comparison2_Paragraph1_9@Paragraph1_10.txt,2,1,9,1,10
83,Content Quality,Accuracy of Information,7.0,8.5,Paragraph1_9,Paragraph1_10,Comparison2_Paragraph1_9@Paragraph1_10.txt,2,1,9,1,10
84,Content Quality,Innovativeness of Viewpoints,6.0,8.0,Paragraph1_9,Paragraph1_10,Comparison2_Paragraph1_9@Paragraph1_10.txt,2,1,9,1,10
85,Content Quality,Integration of Interdisciplinary Perspectives,6.5,8.5,Paragraph1_9,Paragraph1_10,Comparison2_Paragraph1_9@Paragraph1_10.txt,2,1,9,1,10
86,Structure and Organization,Clarity of Logical Structure,9.0,7.0,Paragraph1_9,Paragraph1_10,Comparison2_Paragraph1_9@Paragraph1_10.txt,2,1,9,1,10
87,Structure and Organization,Reasonableness of Chapter Arrangement,7.5,5.5,Paragraph1_9,Paragraph1_10,Comparison2_Paragraph1_9@Paragraph1_10.txt,2,1,9,1,10
88,Structure and Organization,Quality of Introduction and Conclusion,6.0,8.0,Paragraph1_9,Paragraph1_10,Comparison2_Paragraph1_9@Paragraph1_10.txt,2,1,9,1,10
89,Academic Standards,Accuracy and Completeness of Citations,8.5,9.5,Paragraph1_9,Paragraph1_10,Comparison2_Paragraph1_9@Paragraph1_10.txt,2,1,9,1,10
90,Academic Standards,Timeliness and Relevance of References,7.5,9.0,Paragraph1_9,Paragraph1_10,Comparison2_Paragraph1_9@Paragraph1_10.txt,2,1,9,1,10
91,Academic Standards,Avoidance of Plagiarism and Appropriate Citation,8.0,8.5,Paragraph1_9,Paragraph1_10,Comparison2_Paragraph1_9@Paragraph1_10.txt,2,1,9,1,10
92,Innovation and Contribution,Critical Analysis of Existing Research,7.5,8.5,Paragraph1_9,Paragraph1_10,Comparison2_Paragraph1_9@Paragraph1_10.txt,2,1,9,1,10
93,Innovation and Contribution,Proposal of New Research Directions or Questions,6.0,8.0,Paragraph1_9,Paragraph1_10,Comparison2_Paragraph1_9@Paragraph1_10.txt,2,1,9,1,10
94,Innovation and Contribution,Potential Contribution to the Field,7.0,8.5,Paragraph1_9,Paragraph1_10,Comparison2_Paragraph1_9@Paragraph1_10.txt,2,1,9,1,10
95,Methodology Assessment,Clarity of Research Method Description,7.0,6.0,Paragraph1_9,Paragraph1_10,Comparison2_Paragraph1_9@Paragraph1_10.txt,2,1,9,1,10
96,Methodology Assessment,Rationality of Method Selection,7.5,6.5,Paragraph1_9,Paragraph1_10,Comparison2_Paragraph1_9@Paragraph1_10.txt,2,1,9,1,10
97,Methodology Assessment,Rigor of Research Design,7.0,6.0,Paragraph1_9,Paragraph1_10,Comparison2_Paragraph1_9@Paragraph1_10.txt,2,1,9,1,10
98,Timeliness and Cutting-edge Nature,Inclusion of Latest Research Results,8.0,9.0,Paragraph1_9,Paragraph1_10,Comparison2_Paragraph1_9@Paragraph1_10.txt,2,1,9,1,10
99,Timeliness and Cutting-edge Nature,Reflection of Current Research Hotspots,7.5,8.5,Paragraph1_9,Paragraph1_10,Comparison2_Paragraph1_9@Paragraph1_10.txt,2,1,9,1,10
100,Writing Quality,Fluency of Language Expression,8.0,7.0,Paragraph1_9,Paragraph1_10,Comparison2_Paragraph1_9@Paragraph1_10.txt,2,1,9,1,10
101,Writing Quality,Appropriateness of Professional Terminology Use,7.5,6.5,Paragraph1_9,Paragraph1_10,Comparison2_Paragraph1_9@Paragraph1_10.txt,2,1,9,1,10
102,Writing Quality,Conciseness of Expression,8.0,7.0,Paragraph1_9,Paragraph1_10,Comparison2_Paragraph1_9@Paragraph1_10.txt,2,1,9,1,10
103,Practicality and Application Value,Practical Application Potential of Research Results,8.0,7.5,Paragraph1_9,Paragraph1_10,Comparison2_Paragraph1_9@Paragraph1_10.txt,2,1,9,1,10
104,Practicality and Application Value,Feasibility of Proposed Suggestions,8.0,7.0,Paragraph1_9,Paragraph1_10,Comparison2_Paragraph1_9@Paragraph1_10.txt,2,1,9,1,10
105,Critical Thinking,Logic of Argumentation,8.0,7.0,Paragraph1_9,Paragraph1_10,Comparison2_Paragraph1_9@Paragraph1_10.txt,2,1,9,1,10
106,Critical Thinking,Multi-angle Analysis of Problems,8.0,6.5,Paragraph1_9,Paragraph1_10,Comparison2_Paragraph1_9@Paragraph1_10.txt,2,1,9,1,10
107,Critical Thinking,Identification and Discussion of Research Limitations,7.5,6.0,Paragraph1_9,Paragraph1_10,Comparison2_Paragraph1_9@Paragraph1_10.txt,2,1,9,1,10
108,Content Quality,Topic Relevance,4.5,4.5,Paragraph1_9,Paragraph1_10,Comparison4_Paragraph1_9@Paragraph1_10.txt,4,1,9,1,10
109,Content Quality,Comprehensiveness of Information,6.0,7.0,Paragraph1_9,Paragraph1_10,Comparison4_Paragraph1_9@Paragraph1_10.txt,4,1,9,1,10
110,Content Quality,Accuracy of Information,7.5,8.0,Paragraph1_9,Paragraph1_10,Comparison4_Paragraph1_9@Paragraph1_10.txt,4,1,9,1,10
111,Content Quality,Innovativeness of Viewpoints,5.0,6.0,Paragraph1_9,Paragraph1_10,Comparison4_Paragraph1_9@Paragraph1_10.txt,4,1,9,1,10
112,Content Quality,Integration of Interdisciplinary Perspectives,7.0,7.5,Paragraph1_9,Paragraph1_10,Comparison4_Paragraph1_9@Paragraph1_10.txt,4,1,9,1,10
113,Structure and Organization,Clarity of Logical Structure,8.5,9.0,Paragraph1_9,Paragraph1_10,Comparison4_Paragraph1_9@Paragraph1_10.txt,4,1,9,1,10
114,Structure and Organization,Reasonableness of Chapter Arrangement,7.0,8.0,Paragraph1_9,Paragraph1_10,Comparison4_Paragraph1_9@Paragraph1_10.txt,4,1,9,1,10
115,Structure and Organization,Quality of Introduction and Conclusion,6.0,7.0,Paragraph1_9,Paragraph1_10,Comparison4_Paragraph1_9@Paragraph1_10.txt,4,1,9,1,10
116,Academic Standards,Accuracy and Completeness of Citations,8.5,9.0,Paragraph1_9,Paragraph1_10,Comparison4_Paragraph1_9@Paragraph1_10.txt,4,1,9,1,10
117,Academic Standards,Timeliness and Relevance of References,6.0,7.5,Paragraph1_9,Paragraph1_10,Comparison4_Paragraph1_9@Paragraph1_10.txt,4,1,9,1,10
118,Academic Standards,Avoidance of Plagiarism and Appropriate Citation,7.0,7.5,Paragraph1_9,Paragraph1_10,Comparison4_Paragraph1_9@Paragraph1_10.txt,4,1,9,1,10
119,Innovation and Contribution,Critical Analysis of Existing Research,6.0,7.0,Paragraph1_9,Paragraph1_10,Comparison4_Paragraph1_9@Paragraph1_10.txt,4,1,9,1,10
120,Innovation and Contribution,Proposal of New Research Directions or Questions,5.0,6.0,Paragraph1_9,Paragraph1_10,Comparison4_Paragraph1_9@Paragraph1_10.txt,4,1,9,1,10
121,Innovation and Contribution,Potential Contribution to the Field,6.5,7.5,Paragraph1_9,Paragraph1_10,Comparison4_Paragraph1_9@Paragraph1_10.txt,4,1,9,1,10
122,Methodology Assessment,Clarity of Research Method Description,7.0,6.0,Paragraph1_9,Paragraph1_10,Comparison4_Paragraph1_9@Paragraph1_10.txt,4,1,9,1,10
123,Methodology Assessment,Rationality of Method Selection,8.0,7.0,Paragraph1_9,Paragraph1_10,Comparison4_Paragraph1_9@Paragraph1_10.txt,4,1,9,1,10
124,Methodology Assessment,Rigor of Research Design,6.5,6.0,Paragraph1_9,Paragraph1_10,Comparison4_Paragraph1_9@Paragraph1_10.txt,4,1,9,1,10
125,Timeliness and Cutting-edge Nature,Inclusion of Latest Research Results,7.0,8.0,Paragraph1_9,Paragraph1_10,Comparison4_Paragraph1_9@Paragraph1_10.txt,4,1,9,1,10
126,Timeliness and Cutting-edge Nature,Reflection of Current Research Hotspots,6.0,7.0,Paragraph1_9,Paragraph1_10,Comparison4_Paragraph1_9@Paragraph1_10.txt,4,1,9,1,10
127,Writing Quality,Fluency of Language Expression,5.0,6.0,Paragraph1_9,Paragraph1_10,Comparison4_Paragraph1_9@Paragraph1_10.txt,4,1,9,1,10
128,Writing Quality,Appropriateness of Professional Terminology Use,6.5,6.5,Paragraph1_9,Paragraph1_10,Comparison4_Paragraph1_9@Paragraph1_10.txt,4,1,9,1,10
129,Writing Quality,Conciseness of Expression,5.0,6.0,Paragraph1_9,Paragraph1_10,Comparison4_Paragraph1_9@Paragraph1_10.txt,4,1,9,1,10
130,Practicality and Application Value,Practical Application Potential of Research Results,6.0,7.0,Paragraph1_9,Paragraph1_10,Comparison4_Paragraph1_9@Paragraph1_10.txt,4,1,9,1,10
131,Practicality and Application Value,Feasibility of Proposed Suggestions,6.0,7.0,Paragraph1_9,Paragraph1_10,Comparison4_Paragraph1_9@Paragraph1_10.txt,4,1,9,1,10
132,Critical Thinking,Logic of Argumentation,7.0,8.0,Paragraph1_9,Paragraph1_10,Comparison4_Paragraph1_9@Paragraph1_10.txt,4,1,9,1,10
133,Critical Thinking,Multi-angle Analysis of Problems,6.0,7.0,Paragraph1_9,Paragraph1_10,Comparison4_Paragraph1_9@Paragraph1_10.txt,4,1,9,1,10
134,Critical Thinking,Identification and Discussion of Research Limitations,6.0,6.0,Paragraph1_9,Paragraph1_10,Comparison4_Paragraph1_9@Paragraph1_10.txt,4,1,9,1,10
135,Content Quality,Topic Relevance,7.5,6.0,Paragraph1_10,Paragraph1_9,Comparison1_Paragraph1_10@Paragraph1_9.txt,1,1,10,1,9
136,Content Quality,Comprehensiveness of Information,7.5,6.5,Paragraph1_10,Paragraph1_9,Comparison1_Paragraph1_10@Paragraph1_9.txt,1,1,10,1,9
137,Content Quality,Accuracy of Information,8.0,7.0,Paragraph1_10,Paragraph1_9,Comparison1_Paragraph1_10@Paragraph1_9.txt,1,1,10,1,9
138,Content Quality,Innovativeness of Viewpoints,7.5,6.5,Paragraph1_10,Paragraph1_9,Comparison1_Paragraph1_10@Paragraph1_9.txt,1,1,10,1,9
139,Content Quality,Integration of Interdisciplinary Perspectives,7.5,6.0,Paragraph1_10,Paragraph1_9,Comparison1_Paragraph1_10@Paragraph1_9.txt,1,1,10,1,9
140,Structure and Organization,Clarity of Logical Structure,9.0,7.5,Paragraph1_10,Paragraph1_9,Comparison1_Paragraph1_10@Paragraph1_9.txt,1,1,10,1,9
141,Structure and Organization,Reasonableness of Chapter Arrangement,8.0,7.0,Paragraph1_10,Paragraph1_9,Comparison1_Paragraph1_10@Paragraph1_9.txt,1,1,10,1,9
142,Structure and Organization,Quality of Introduction and Conclusion,6.5,5.5,Paragraph1_10,Paragraph1_9,Comparison1_Paragraph1_10@Paragraph1_9.txt,1,1,10,1,9
143,Academic Standards,Accuracy and Completeness of Citations,9.0,7.5,Paragraph1_10,Paragraph1_9,Comparison1_Paragraph1_10@Paragraph1_9.txt,1,1,10,1,9
144,Academic Standards,Timeliness and Relevance of References,8.5,7.0,Paragraph1_10,Paragraph1_9,Comparison1_Paragraph1_10@Paragraph1_9.txt,1,1,10,1,9
145,Academic Standards,Avoidance of Plagiarism and Appropriate Citation,7.5,6.5,Paragraph1_10,Paragraph1_9,Comparison1_Paragraph1_10@Paragraph1_9.txt,1,1,10,1,9
146,Innovation and Contribution,Critical Analysis of Existing Research,8.0,6.5,Paragraph1_10,Paragraph1_9,Comparison1_Paragraph1_10@Paragraph1_9.txt,1,1,10,1,9
147,Innovation and Contribution,Proposal of New Research Directions or Questions,8.0,6.5,Paragraph1_10,Paragraph1_9,Comparison1_Paragraph1_10@Paragraph1_9.txt,1,1,10,1,9
148,Innovation and Contribution,Potential Contribution to the Field,8.0,6.5,Paragraph1_10,Paragraph1_9,Comparison1_Paragraph1_10@Paragraph1_9.txt,1,1,10,1,9
149,Methodology Assessment,Clarity of Research Method Description,7.0,6.0,Paragraph1_10,Paragraph1_9,Comparison1_Paragraph1_10@Paragraph1_9.txt,1,1,10,1,9
150,Methodology Assessment,Rationality of Method Selection,7.5,6.5,Paragraph1_10,Paragraph1_9,Comparison1_Paragraph1_10@Paragraph1_9.txt,1,1,10,1,9
151,Methodology Assessment,Rigor of Research Design,6.5,5.5,Paragraph1_10,Paragraph1_9,Comparison1_Paragraph1_10@Paragraph1_9.txt,1,1,10,1,9
152,Timeliness and Cutting-edge Nature,Inclusion of Latest Research Results,8.5,7.0,Paragraph1_10,Paragraph1_9,Comparison1_Paragraph1_10@Paragraph1_9.txt,1,1,10,1,9
153,Timeliness and Cutting-edge Nature,Reflection of Current Research Hotspots,8.0,6.5,Paragraph1_10,Paragraph1_9,Comparison1_Paragraph1_10@Paragraph1_9.txt,1,1,10,1,9
154,Writing Quality,Fluency of Language Expression,4.5,3.5,Paragraph1_10,Paragraph1_9,Comparison1_Paragraph1_10@Paragraph1_9.txt,1,1,10,1,9
155,Writing Quality,Appropriateness of Professional Terminology Use,8.0,6.5,Paragraph1_10,Paragraph1_9,Comparison1_Paragraph1_10@Paragraph1_9.txt,1,1,10,1,9
156,Writing Quality,Conciseness of Expression,7.0,5.5,Paragraph1_10,Paragraph1_9,Comparison1_Paragraph1_10@Paragraph1_9.txt,1,1,10,1,9
157,Practicality and Application Value,Practical Application Potential of Research Results,8.0,6.5,Paragraph1_10,Paragraph1_9,Comparison1_Paragraph1_10@Paragraph1_9.txt,1,1,10,1,9
158,Practicality and Application Value,Feasibility of Proposed Suggestions,7.5,6.0,Paragraph1_10,Paragraph1_9,Comparison1_Paragraph1_10@Paragraph1_9.txt,1,1,10,1,9
159,Critical Thinking,Logic of Argumentation,7.0,5.5,Paragraph1_10,Paragraph1_9,Comparison1_Paragraph1_10@Paragraph1_9.txt,1,1,10,1,9
160,Critical Thinking,Multi-angle Analysis of Problems,7.5,6.5,Paragraph1_10,Paragraph1_9,Comparison1_Paragraph1_10@Paragraph1_9.txt,1,1,10,1,9
161,Critical Thinking,Identification and Discussion of Research Limitations,6.5,5.5,Paragraph1_10,Paragraph1_9,Comparison1_Paragraph1_10@Paragraph1_9.txt,1,1,10,1,9
162,Content Quality,Topic Relevance,6.4,6.3,Paragraph1_10,Paragraph1_9,Comparison3_Paragraph1_10@Paragraph1_9.txt,3,1,10,1,9
163,Content Quality,Comprehensiveness of Information,7.2,7.8,Paragraph1_10,Paragraph1_9,Comparison3_Paragraph1_10@Paragraph1_9.txt,3,1,10,1,9
164,Content Quality,Accuracy of Information,6.5,8.0,Paragraph1_10,Paragraph1_9,Comparison3_Paragraph1_10@Paragraph1_9.txt,3,1,10,1,9
165,Content Quality,Innovativeness of Viewpoints,6.7,7.5,Paragraph1_10,Paragraph1_9,Comparison3_Paragraph1_10@Paragraph1_9.txt,3,1,10,1,9
166,Content Quality,Integration of Interdisciplinary Perspectives,6.6,7.2,Paragraph1_10,Paragraph1_9,Comparison3_Paragraph1_10@Paragraph1_9.txt,3,1,10,1,9
167,Structure and Organization,Clarity of Logical Structure,8.5,7.2,Paragraph1_10,Paragraph1_9,Comparison3_Paragraph1_10@Paragraph1_9.txt,3,1,10,1,9
168,Structure and Organization,Reasonableness of Chapter Arrangement,8.0,6.5,Paragraph1_10,Paragraph1_9,Comparison3_Paragraph1_10@Paragraph1_9.txt,3,1,10,1,9
169,Structure and Organization,Quality of Introduction and Conclusion,7.7,5.5,Paragraph1_10,Paragraph1_9,Comparison3_Paragraph1_10@Paragraph1_9.txt,3,1,10,1,9
170,Academic Standards,Accuracy and Completeness of Citations,8.4,9.0,Paragraph1_10,Paragraph1_9,Comparison3_Paragraph1_10@Paragraph1_9.txt,3,1,10,1,9
171,Academic Standards,Timeliness and Relevance of References,7.2,8.2,Paragraph1_10,Paragraph1_9,Comparison3_Paragraph1_10@Paragraph1_9.txt,3,1,10,1,9
172,Academic Standards,Avoidance of Plagiarism and Appropriate Citation,7.5,7.7,Paragraph1_10,Paragraph1_9,Comparison3_Paragraph1_10@Paragraph1_9.txt,3,1,10,1,9
173,Innovation and Contribution,Critical Analysis of Existing Research,7.3,8.2,Paragraph1_10,Paragraph1_9,Comparison3_Paragraph1_10@Paragraph1_9.txt,3,1,10,1,9
174,Innovation and Contribution,Proposal of New Research Directions or Questions,6.4,7.2,Paragraph1_10,Paragraph1_9,Comparison3_Paragraph1_10@Paragraph1_9.txt,3,1,10,1,9
175,Innovation and Contribution,Potential Contribution to the Field,6.7,7.5,Paragraph1_10,Paragraph1_9,Comparison3_Paragraph1_10@Paragraph1_9.txt,3,1,10,1,9
176,Methodology Assessment,Clarity of Research Method Description,7.5,6.7,Paragraph1_10,Paragraph1_9,Comparison3_Paragraph1_10@Paragraph1_9.txt,3,1,10,1,9
177,Methodology Assessment,Rationality of Method Selection,7.2,6.2,Paragraph1_10,Paragraph1_9,Comparison3_Paragraph1_10@Paragraph1_9.txt,3,1,10,1,9
178,Methodology Assessment,Rigor of Research Design,6.5,5.5,Paragraph1_10,Paragraph1_9,Comparison3_Paragraph1_10@Paragraph1_9.txt,3,1,10,1,9
179,Timeliness and Cutting-edge Nature,Inclusion of Latest Research Results,7.6,8.4,Paragraph1_10,Paragraph1_9,Comparison3_Paragraph1_10@Paragraph1_9.txt,3,1,10,1,9
180,Timeliness and Cutting-edge Nature,Reflection of Current Research Hotspots,6.5,7.2,Paragraph1_10,Paragraph1_9,Comparison3_Paragraph1_10@Paragraph1_9.txt,3,1,10,1,9
181,Writing Quality,Fluency of Language Expression,5.7,5.3,Paragraph1_10,Paragraph1_9,Comparison3_Paragraph1_10@Paragraph1_9.txt,3,1,10,1,9
182,Writing Quality,Appropriateness of Professional Terminology Use,6.0,5.5,Paragraph1_10,Paragraph1_9,Comparison3_Paragraph1_10@Paragraph1_9.txt,3,1,10,1,9
183,Writing Quality,Conciseness of Expression,6.8,5.7,Paragraph1_10,Paragraph1_9,Comparison3_Paragraph1_10@Paragraph1_9.txt,3,1,10,1,9
184,Practicality and Application Value,Practical Application Potential of Research Results,7.8,8.4,Paragraph1_10,Paragraph1_9,Comparison3_Paragraph1_10@Paragraph1_9.txt,3,1,10,1,9
185,Practicality and Application Value,Feasibility of Proposed Suggestions,7.2,7.8,Paragraph1_10,Paragraph1_9,Comparison3_Paragraph1_10@Paragraph1_9.txt,3,1,10,1,9
186,Critical Thinking,Logic of Argumentation,7.4,6.6,Paragraph1_10,Paragraph1_9,Comparison3_Paragraph1_10@Paragraph1_9.txt,3,1,10,1,9
187,Critical Thinking,Multi-angle Analysis of Problems,7.0,6.0,Paragraph1_10,Paragraph1_9,Comparison3_Paragraph1_10@Paragraph1_9.txt,3,1,10,1,9
188,Critical Thinking,Identification and Discussion of Research Limitations,6.5,5.5,Paragraph1_10,Paragraph1_9,Comparison3_Paragraph1_10@Paragraph1_9.txt,3,1,10,1,9
189,Content Quality,Topic Relevance,7.5,6.5,Paragraph1_9,Paragraph1_10,Comparison3_Paragraph1_9@Paragraph1_10.txt,3,1,9,1,10
190,Content Quality,Comprehensiveness of Information,7.5,6.0,Paragraph1_9,Paragraph1_10,Comparison3_Paragraph1_9@Paragraph1_10.txt,3,1,9,1,10
191,Content Quality,Accuracy of Information,8.0,7.5,Paragraph1_9,Paragraph1_10,Comparison3_Paragraph1_9@Paragraph1_10.txt,3,1,9,1,10
192,Content Quality,Innovativeness of Viewpoints,8.0,6.5,Paragraph1_9,Paragraph1_10,Comparison3_Paragraph1_9@Paragraph1_10.txt,3,1,9,1,10
193,Content Quality,Integration of Interdisciplinary Perspectives,7.5,6.5,Paragraph1_9,Paragraph1_10,Comparison3_Paragraph1_9@Paragraph1_10.txt,3,1,9,1,10
194,Structure and Organization,Clarity of Logical Structure,8.5,7.5,Paragraph1_9,Paragraph1_10,Comparison3_Paragraph1_9@Paragraph1_10.txt,3,1,9,1,10
195,Structure and Organization,Reasonableness of Chapter Arrangement,7.5,6.5,Paragraph1_9,Paragraph1_10,Comparison3_Paragraph1_9@Paragraph1_10.txt,3,1,9,1,10
196,Structure and Organization,Quality of Introduction and Conclusion,7.0,6.0,Paragraph1_9,Paragraph1_10,Comparison3_Paragraph1_9@Paragraph1_10.txt,3,1,9,1,10
197,Academic Standards,Accuracy and Completeness of Citations,9.0,8.0,Paragraph1_9,Paragraph1_10,Comparison3_Paragraph1_9@Paragraph1_10.txt,3,1,9,1,10
198,Academic Standards,Timeliness and Relevance of References,8.5,7.5,Paragraph1_9,Paragraph1_10,Comparison3_Paragraph1_9@Paragraph1_10.txt,3,1,9,1,10
199,Academic Standards,Avoidance of Plagiarism and Appropriate Citation,7.5,7.0,Paragraph1_9,Paragraph1_10,Comparison3_Paragraph1_9@Paragraph1_10.txt,3,1,9,1,10
200,Innovation and Contribution,Critical Analysis of Existing Research,8.5,7.0,Paragraph1_9,Paragraph1_10,Comparison3_Paragraph1_9@Paragraph1_10.txt,3,1,9,1,10
201,Innovation and Contribution,Proposal of New Research Directions or Questions,8.0,6.5,Paragraph1_9,Paragraph1_10,Comparison3_Paragraph1_9@Paragraph1_10.txt,3,1,9,1,10
202,Innovation and Contribution,Potential Contribution to the Field,8.0,7.0,Paragraph1_9,Paragraph1_10,Comparison3_Paragraph1_9@Paragraph1_10.txt,3,1,9,1,10
203,Methodology Assessment,Clarity of Research Method Description,7.0,6.5,Paragraph1_9,Paragraph1_10,Comparison3_Paragraph1_9@Paragraph1_10.txt,3,1,9,1,10
204,Methodology Assessment,Rationality of Method Selection,7.5,6.5,Paragraph1_9,Paragraph1_10,Comparison3_Paragraph1_9@Paragraph1_10.txt,3,1,9,1,10
205,Methodology Assessment,Rigor of Research Design,6.5,6.0,Paragraph1_9,Paragraph1_10,Comparison3_Paragraph1_9@Paragraph1_10.txt,3,1,9,1,10
206,Timeliness and Cutting-edge Nature,Inclusion of Latest Research Results,8.5,7.0,Paragraph1_9,Paragraph1_10,Comparison3_Paragraph1_9@Paragraph1_10.txt,3,1,9,1,10
207,Timeliness and Cutting-edge Nature,Reflection of Current Research Hotspots,8.0,7.0,Paragraph1_9,Paragraph1_10,Comparison3_Paragraph1_9@Paragraph1_10.txt,3,1,9,1,10
208,Writing Quality,Fluency of Language Expression,4.5,4.0,Paragraph1_9,Paragraph1_10,Comparison3_Paragraph1_9@Paragraph1_10.txt,3,1,9,1,10
209,Writing Quality,Appropriateness of Professional Terminology Use,5.0,4.5,Paragraph1_9,Paragraph1_10,Comparison3_Paragraph1_9@Paragraph1_10.txt,3,1,9,1,10
210,Writing Quality,Conciseness of Expression,5.0,4.5,Paragraph1_9,Paragraph1_10,Comparison3_Paragraph1_9@Paragraph1_10.txt,3,1,9,1,10
211,Practicality and Application Value,Practical Application Potential of Research Results,7.5,6.5,Paragraph1_9,Paragraph1_10,Comparison3_Paragraph1_9@Paragraph1_10.txt,3,1,9,1,10
212,Practicality and Application Value,Feasibility of Proposed Suggestions,7.0,6.0,Paragraph1_9,Paragraph1_10,Comparison3_Paragraph1_9@Paragraph1_10.txt,3,1,9,1,10
213,Critical Thinking,Logic of Argumentation,7.0,6.5,Paragraph1_9,Paragraph1_10,Comparison3_Paragraph1_9@Paragraph1_10.txt,3,1,9,1,10
214,Critical Thinking,Multi-angle Analysis of Problems,7.0,6.5,Paragraph1_9,Paragraph1_10,Comparison3_Paragraph1_9@Paragraph1_10.txt,3,1,9,1,10
215,Critical Thinking,Identification and Discussion of Research Limitations,6.5,6.0,Paragraph1_9,Paragraph1_10,Comparison3_Paragraph1_9@Paragraph1_10.txt,3,1,9,1,10
216,Content Quality,Topic Relevance,4.5,6.5,Paragraph1_9,Paragraph1_10,Comparison1_Paragraph1_9@Paragraph1_10.txt,1,1,9,1,10
217,Content Quality,Comprehensiveness of Information,4.5,6.5,Paragraph1_9,Paragraph1_10,Comparison1_Paragraph1_9@Paragraph1_10.txt,1,1,9,1,10
218,Content Quality,Accuracy of Information,7.5,8.5,Paragraph1_9,Paragraph1_10,Comparison1_Paragraph1_9@Paragraph1_10.txt,1,1,9,1,10
219,Content Quality,Innovativeness of Viewpoints,4.5,6.5,Paragraph1_9,Paragraph1_10,Comparison1_Paragraph1_9@Paragraph1_10.txt,1,1,9,1,10
220,Content Quality,Integration of Interdisciplinary Perspectives,5.5,7.5,Paragraph1_9,Paragraph1_10,Comparison1_Paragraph1_9@Paragraph1_10.txt,1,1,9,1,10
221,Structure and Organization,Clarity of Logical Structure,7.0,8.5,Paragraph1_9,Paragraph1_10,Comparison1_Paragraph1_9@Paragraph1_10.txt,1,1,9,1,10
222,Structure and Organization,Reasonableness of Chapter Arrangement,6.5,8.0,Paragraph1_9,Paragraph1_10,Comparison1_Paragraph1_9@Paragraph1_10.txt,1,1,9,1,10
223,Structure and Organization,Quality of Introduction and Conclusion,6.0,7.5,Paragraph1_9,Paragraph1_10,Comparison1_Paragraph1_9@Paragraph1_10.txt,1,1,9,1,10
224,Academic Standards,Accuracy and Completeness of Citations,8.0,9.0,Paragraph1_9,Paragraph1_10,Comparison1_Paragraph1_9@Paragraph1_10.txt,1,1,9,1,10
225,Academic Standards,Timeliness and Relevance of References,6.5,8.0,Paragraph1_9,Paragraph1_10,Comparison1_Paragraph1_9@Paragraph1_10.txt,1,1,9,1,10
226,Academic Standards,Avoidance of Plagiarism and Appropriate Citation,7.5,8.5,Paragraph1_9,Paragraph1_10,Comparison1_Paragraph1_9@Paragraph1_10.txt,1,1,9,1,10
227,Innovation and Contribution,Critical Analysis of Existing Research,5.5,7.5,Paragraph1_9,Paragraph1_10,Comparison1_Paragraph1_9@Paragraph1_10.txt,1,1,9,1,10
228,Innovation and Contribution,Proposal of New Research Directions or Questions,5.5,7.5,Paragraph1_9,Paragraph1_10,Comparison1_Paragraph1_9@Paragraph1_10.txt,1,1,9,1,10
229,Innovation and Contribution,Potential Contribution to the Field,6.5,8.0,Paragraph1_9,Paragraph1_10,Comparison1_Paragraph1_9@Paragraph1_10.txt,1,1,9,1,10
230,Methodology Assessment,Clarity of Research Method Description,7.5,8.5,Paragraph1_9,Paragraph1_10,Comparison1_Paragraph1_9@Paragraph1_10.txt,1,1,9,1,10
231,Methodology Assessment,Rationality of Method Selection,6.5,8.0,Paragraph1_9,Paragraph1_10,Comparison1_Paragraph1_9@Paragraph1_10.txt,1,1,9,1,10
232,Methodology Assessment,Rigor of Research Design,6.0,7.5,Paragraph1_9,Paragraph1_10,Comparison1_Paragraph1_9@Paragraph1_10.txt,1,1,9,1,10
233,Timeliness and Cutting-edge Nature,Inclusion of Latest Research Results,7.5,8.5,Paragraph1_9,Paragraph1_10,Comparison1_Paragraph1_9@Paragraph1_10.txt,1,1,9,1,10
234,Timeliness and Cutting-edge Nature,Reflection of Current Research Hotspots,6.0,7.5,Paragraph1_9,Paragraph1_10,Comparison1_Paragraph1_9@Paragraph1_10.txt,1,1,9,1,10
235,Writing Quality,Fluency of Language Expression,4.5,6.5,Paragraph1_9,Paragraph1_10,Comparison1_Paragraph1_9@Paragraph1_10.txt,1,1,9,1,10
236,Writing Quality,Appropriateness of Professional Terminology Use,5.5,7.5,Paragraph1_9,Paragraph1_10,Comparison1_Paragraph1_9@Paragraph1_10.txt,1,1,9,1,10
237,Writing Quality,Conciseness of Expression,5.5,7.5,Paragraph1_9,Paragraph1_10,Comparison1_Paragraph1_9@Paragraph1_10.txt,1,1,9,1,10
238,Practicality and Application Value,Practical Application Potential of Research Results,6.5,8.0,Paragraph1_9,Paragraph1_10,Comparison1_Paragraph1_9@Paragraph1_10.txt,1,1,9,1,10
239,Practicality and Application Value,Feasibility of Proposed Suggestions,6.0,7.5,Paragraph1_9,Paragraph1_10,Comparison1_Paragraph1_9@Paragraph1_10.txt,1,1,9,1,10
240,Critical Thinking,Logic of Argumentation,6.0,7.5,Paragraph1_9,Paragraph1_10,Comparison1_Paragraph1_9@Paragraph1_10.txt,1,1,9,1,10
241,Critical Thinking,Multi-angle Analysis of Problems,6.5,8.0,Paragraph1_9,Paragraph1_10,Comparison1_Paragraph1_9@Paragraph1_10.txt,1,1,9,1,10
242,Critical Thinking,Identification and Discussion of Research Limitations,5.5,7.5,Paragraph1_9,Paragraph1_10,Comparison1_Paragraph1_9@Paragraph1_10.txt,1,1,9,1,10
243,Content Quality,Topic Relevance,7.5,7.5,Paragraph1_10,Paragraph1_9,Comparison0_Paragraph1_10@Paragraph1_9.txt,0,1,10,1,9
244,Content Quality,Comprehensiveness of Information,7.5,7.5,Paragraph1_10,Paragraph1_9,Comparison0_Paragraph1_10@Paragraph1_9.txt,0,1,10,1,9
245,Content Quality,Accuracy of Information,8.0,7.5,Paragraph1_10,Paragraph1_9,Comparison0_Paragraph1_10@Paragraph1_9.txt,0,1,10,1,9
246,Content Quality,Innovativeness of Viewpoints,7.5,6.5,Paragraph1_10,Paragraph1_9,Comparison0_Paragraph1_10@Paragraph1_9.txt,0,1,10,1,9
247,Content Quality,Integration of Interdisciplinary Perspectives,8.0,7.0,Paragraph1_10,Paragraph1_9,Comparison0_Paragraph1_10@Paragraph1_9.txt,0,1,10,1,9
248,Structure and Organization,Clarity of Logical Structure,9.0,7.5,Paragraph1_10,Paragraph1_9,Comparison0_Paragraph1_10@Paragraph1_9.txt,0,1,10,1,9
249,Structure and Organization,Reasonableness of Chapter Arrangement,8.0,6.5,Paragraph1_10,Paragraph1_9,Comparison0_Paragraph1_10@Paragraph1_9.txt,0,1,10,1,9
250,Structure and Organization,Quality of Introduction and Conclusion,6.5,5.0,Paragraph1_10,Paragraph1_9,Comparison0_Paragraph1_10@Paragraph1_9.txt,0,1,10,1,9
251,Academic Standards,Accuracy and Completeness of Citations,9.0,8.5,Paragraph1_10,Paragraph1_9,Comparison0_Paragraph1_10@Paragraph1_9.txt,0,1,10,1,9
252,Academic Standards,Timeliness and Relevance of References,8.0,7.0,Paragraph1_10,Paragraph1_9,Comparison0_Paragraph1_10@Paragraph1_9.txt,0,1,10,1,9
253,Academic Standards,Avoidance of Plagiarism and Appropriate Citation,8.0,7.5,Paragraph1_10,Paragraph1_9,Comparison0_Paragraph1_10@Paragraph1_9.txt,0,1,10,1,9
254,Innovation and Contribution,Critical Analysis of Existing Research,8.0,7.0,Paragraph1_10,Paragraph1_9,Comparison0_Paragraph1_10@Paragraph1_9.txt,0,1,10,1,9
255,Innovation and Contribution,Proposal of New Research Directions or Questions,7.5,6.5,Paragraph1_10,Paragraph1_9,Comparison0_Paragraph1_10@Paragraph1_9.txt,0,1,10,1,9
256,Innovation and Contribution,Potential Contribution to the Field,8.0,7.0,Paragraph1_10,Paragraph1_9,Comparison0_Paragraph1_10@Paragraph1_9.txt,0,1,10,1,9
257,Methodology Assessment,Clarity of Research Method Description,7.5,6.5,Paragraph1_10,Paragraph1_9,Comparison0_Paragraph1_10@Paragraph1_9.txt,0,1,10,1,9
258,Methodology Assessment,Rationality of Method Selection,7.5,6.5,Paragraph1_10,Paragraph1_9,Comparison0_Paragraph1_10@Paragraph1_9.txt,0,1,10,1,9
259,Methodology Assessment,Rigor of Research Design,6.5,5.5,Paragraph1_10,Paragraph1_9,Comparison0_Paragraph1_10@Paragraph1_9.txt,0,1,10,1,9
260,Timeliness and Cutting-edge Nature,Inclusion of Latest Research Results,8.0,7.0,Paragraph1_10,Paragraph1_9,Comparison0_Paragraph1_10@Paragraph1_9.txt,0,1,10,1,9
261,Timeliness and Cutting-edge Nature,Reflection of Current Research Hotspots,7.5,6.5,Paragraph1_10,Paragraph1_9,Comparison0_Paragraph1_10@Paragraph1_9.txt,0,1,10,1,9
262,Writing Quality,Fluency of Language Expression,4.5,4.0,Paragraph1_10,Paragraph1_9,Comparison0_Paragraph1_10@Paragraph1_9.txt,0,1,10,1,9
263,Writing Quality,Appropriateness of Professional Terminology Use,4.5,4.0,Paragraph1_10,Paragraph1_9,Comparison0_Paragraph1_10@Paragraph1_9.txt,0,1,10,1,9
264,Writing Quality,Conciseness of Expression,4.5,4.0,Paragraph1_10,Paragraph1_9,Comparison0_Paragraph1_10@Paragraph1_9.txt,0,1,10,1,9
265,Practicality and Application Value,Practical Application Potential of Research Results,8.0,6.5,Paragraph1_10,Paragraph1_9,Comparison0_Paragraph1_10@Paragraph1_9.txt,0,1,10,1,9
266,Practicality and Application Value,Feasibility of Proposed Suggestions,7.5,6.5,Paragraph1_10,Paragraph1_9,Comparison0_Paragraph1_10@Paragraph1_9.txt,0,1,10,1,9
267,Critical Thinking,Logic of Argumentation,7.5,6.5,Paragraph1_10,Paragraph1_9,Comparison0_Paragraph1_10@Paragraph1_9.txt,0,1,10,1,9
268,Critical Thinking,Multi-angle Analysis of Problems,7.5,6.5,Paragraph1_10,Paragraph1_9,Comparison0_Paragraph1_10@Paragraph1_9.txt,0,1,10,1,9
269,Critical Thinking,Identification and Discussion of Research Limitations,6.5,5.5,Paragraph1_10,Paragraph1_9,Comparison0_Paragraph1_10@Paragraph1_9.txt,0,1,10,1,9
