X数值,X原坐标,Y数值,Y原坐标
0,10.1002_advs.202207756_0,0.0,Topic Relevance
1,10.1002_advs.202207756_1,1.0,Identification and Discussion of Research Limitations
2,10.1002_advs.202207756_2,2.0,Multi-angle Analysis of Problems
3,10.1002_advs.202207756_3,3.0,Logic of Argumentation
4,10.1002_advs.202207756_4,4.0,Feasibility of Proposed Suggestions
5,10.1021_acscatal.0c03999_0,5.0,Practical Application Potential of Research Results
6,10.1021_acscatal.0c03999_1,6.0,Conciseness of Expression
7,10.1021_acscatal.0c03999_2,7.0,Appropriateness of Professional Terminology Use
8,10.1021_acscatal.0c03999_3,8.0,Reflection of Current Research Hotspots
9,10.1021_acscatal.0c03999_4,9.0,Inclusion of Latest Research Results
10,10.1021_acscatal.0c03999_5,10.0,Rigor of Research Design
11,10.1021_acscatal.0c03999_6,11.0,Rationality of Method Selection
12,10.1021_acscatal.0c03999_7,12.0,Clarity of Research Method Description
13,10.1021_acscatal.0c03999_8,13.0,Fluency of Language Expression
14,10.1021_acscatal.0c03999_9,14.0,Proposal of New Research Directions or Questions
15,10.1021_acscatal.0c03999_10,15.0,Potential Contribution to the Field
16,10.1021_acscatal.0c03999_11,16.0,Accuracy of Information
17,10.1021_acscatal.0c03999_12,17.0,Innovativeness of Viewpoints
18,10.1021_acscatal.0c03999_13,18.0,Integration of Interdisciplinary Perspectives
19,10.1021_acscatal.0c03999_14,19.0,Clarity of Logical Structure
20,10.1021_acscatal.1c00331_0,20.0,Reasonableness of Chapter Arrangement
21,10.1021_acscatal.1c00331_1,21.0,Comprehensiveness of Information
22,10.1021_acscatal.1c00331_2,22.0,Accuracy and Completeness of Citations
23,10.1021_acscatal.1c00331_3,23.0,Timeliness and Relevance of References
24,10.1021_acscatal.1c00331_4,24.0,Avoidance of Plagiarism and Appropriate Citation
25,10.1021_acscatal.3c00103_0,25.0,Critical Analysis of Existing Research
26,10.1021_acscatal.3c00103_1,26.0,Quality of Introduction and Conclusion
27,10.1021_acscatal.3c00103_2,,
28,10.1021_acscatal.3c00103_3,,
29,10.1021_acscatal.3c00103_4,,
30,10.1021_acscatal.3c00103_5,,
31,10.1021_acscatal.3c00728_0,,
32,10.1021_acscatal.3c00728_1,,
33,10.1021_acscatal.3c00728_2,,
34,10.1021_acscatal.3c00728_3,,
35,10.1021_acscatal.3c00728_4,,
36,10.1021_acscatal.3c00728_5,,
37,10.1021_acscatal.3c00816_0,,
38,10.1021_acscatal.3c00816_1,,
39,10.1021_acscatal.3c00816_2,,
40,10.1021_acscatal.3c00816_3,,
41,10.1021_acscatal.3c00816_4,,
42,10.1021_acscatal.3c00816_5,,
43,10.1021_acscatal.7b03228_0,,
44,10.1021_acscatal.7b03228_1,,
45,10.1021_cr300096b_0,,
46,10.1021_cr300096b_1,,
47,10.1021_cr300096b_2,,
48,10.1021_cr300096b_3,,
49,10.1021_cr300096b_4,,
50,10.1021_cr300096b_5,,
51,10.1021_cr300096b_6,,
52,10.1021_cr300096b_7,,
53,10.1021_cr300096b_8,,
54,10.1021_cr300096b_9,,
55,10.1021_cr300096b_10,,
56,10.1021_cr300096b_11,,
57,10.1021_cr300096b_12,,
58,10.1021_cr300096b_13,,
59,10.1021_cr300418s_0,,
60,10.1021_cr300418s_1,,
61,10.1021_cr300418s_2,,
62,10.1021_cr300418s_3,,
63,10.1021_cr300418s_4,,
64,10.1021_cr300418s_5,,
65,10.1021_cr300418s_6,,
66,10.1021_cr300418s_7,,
67,10.1021_cr300418s_8,,
68,10.1021_cr300418s_9,,
69,10.1021_cr300418s_10,,
70,10.1021_cr5002436_0,,
71,10.1021_cr5002436_1,,
72,10.1021_cr5002436_2,,
73,10.1021_cr5002436_3,,
74,10.1021_cr5002436_4,,
75,10.1021_cr5002436_5,,
76,10.1021_cr5002436_6,,
77,10.1021_cr5002436_7,,
78,10.1021_cr900122p_0,,
79,10.1021_cr900122p_1,,
80,10.1021_cr900122p_2,,
81,10.1021_cr900122p_3,,
82,10.1021_cr900122p_4,,
83,10.1021_cr900122p_5,,
84,10.1038_s41570-019-0128-9_0,,
85,10.1038_s41570-019-0128-9_1,,
86,10.1038_s41570-019-0128-9_2,,
87,10.1038_s41570-019-0128-9_3,,
88,10.1126_science.abh0424_0,,
