Subcategory,Mean Score,Diff Score
Topic Relevance,7.75,-0.5
Topic Relevance,7.0,1.0
Topic Relevance,7.0,1.0
Topic Relevance,7.5,0.0
Topic Relevance,4.5,0.0
Topic Relevance,6.75,1.5
Topic Relevance,6.35,0.10000000000000053
Topic Relevance,7.0,1.0
Topic Relevance,5.5,-2.0
Topic Relevance,7.5,0.0
Comprehensiveness of Information,7.0,-1.0
Comprehensiveness of Information,7.25,0.5
Comprehensiveness of Information,7.5,1.0
Comprehensiveness of Information,7.25,-1.5
Comprehensiveness of Information,6.5,-1.0
Comprehensiveness of Information,7.0,1.0
Comprehensiveness of Information,7.5,-0.5999999999999996
Comprehensiveness of Information,6.75,1.5
Comprehensiveness of Information,5.5,-2.0
Comprehensiveness of Information,7.5,0.0
Accuracy of Information,8.0,0.0
Accuracy of Information,7.75,0.5
Accuracy of Information,8.0,0.0
Accuracy of Information,7.75,-1.5
Accuracy of Information,7.75,-0.5
Accuracy of Information,7.5,1.0
Accuracy of Information,7.25,-1.5
Accuracy of Information,7.75,0.5
Accuracy of Information,8.0,-1.0
Accuracy of Information,7.75,0.5
Innovativeness of Viewpoints,6.25,-1.5
Innovativeness of Viewpoints,7.25,-1.5
Innovativeness of Viewpoints,7.25,-0.5
Innovativeness of Viewpoints,7.0,-2.0
Innovativeness of Viewpoints,5.5,-1.0
Innovativeness of Viewpoints,7.0,1.0
Innovativeness of Viewpoints,7.1,-0.7999999999999998
Innovativeness of Viewpoints,7.25,1.5
Innovativeness of Viewpoints,5.5,-2.0
Innovativeness of Viewpoints,7.0,1.0
Integration of Interdisciplinary Perspectives,7.0,-1.0
Integration of Interdisciplinary Perspectives,7.5,1.0
Integration of Interdisciplinary Perspectives,7.25,1.5
Integration of Interdisciplinary Perspectives,7.5,-2.0
Integration of Interdisciplinary Perspectives,7.25,-0.5
Integration of Interdisciplinary Perspectives,6.75,1.5
Integration of Interdisciplinary Perspectives,6.9,-0.6000000000000005
Integration of Interdisciplinary Perspectives,7.0,1.0
Integration of Interdisciplinary Perspectives,6.5,-2.0
Integration of Interdisciplinary Perspectives,7.5,1.0
Clarity of Logical Structure,8.0,1.0
Clarity of Logical Structure,7.5,2.0
Clarity of Logical Structure,7.75,2.5
Clarity of Logical Structure,8.0,2.0
Clarity of Logical Structure,8.75,-0.5
Clarity of Logical Structure,8.25,1.5
Clarity of Logical Structure,7.85,1.2999999999999998
Clarity of Logical Structure,8.0,1.0
Clarity of Logical Structure,7.75,-1.5
Clarity of Logical Structure,8.25,1.5
Reasonableness of Chapter Arrangement,7.25,1.5
Reasonableness of Chapter Arrangement,7.25,1.5
Reasonableness of Chapter Arrangement,7.5,1.0
Reasonableness of Chapter Arrangement,6.5,2.0
Reasonableness of Chapter Arrangement,7.5,-1.0
Reasonableness of Chapter Arrangement,7.5,1.0
Reasonableness of Chapter Arrangement,7.25,1.5
Reasonableness of Chapter Arrangement,7.0,1.0
Reasonableness of Chapter Arrangement,7.25,-1.5
Reasonableness of Chapter Arrangement,7.25,1.5
Quality of Introduction and Conclusion,7.0,1.0
Quality of Introduction and Conclusion,6.5,2.0
Quality of Introduction and Conclusion,6.75,0.5
Quality of Introduction and Conclusion,7.0,-2.0
Quality of Introduction and Conclusion,6.5,-1.0
Quality of Introduction and Conclusion,6.0,1.0
Quality of Introduction and Conclusion,6.6,2.2
Quality of Introduction and Conclusion,6.5,1.0
Quality of Introduction and Conclusion,6.75,-1.5
Quality of Introduction and Conclusion,5.75,1.5
Accuracy and Completeness of Citations,8.75,0.5
Accuracy and Completeness of Citations,8.5,1.0
Accuracy and Completeness of Citations,8.5,1.0
Accuracy and Completeness of Citations,9.0,-1.0
Accuracy and Completeness of Citations,8.75,-0.5
Accuracy and Completeness of Citations,8.25,1.5
Accuracy and Completeness of Citations,8.7,-0.5999999999999996
Accuracy and Completeness of Citations,8.5,1.0
Accuracy and Completeness of Citations,8.5,-1.0
Accuracy and Completeness of Citations,8.75,0.5
Timeliness and Relevance of References,8.0,1.0
Timeliness and Relevance of References,7.25,1.5
Timeliness and Relevance of References,8.0,1.0
Timeliness and Relevance of References,8.25,-1.5
Timeliness and Relevance of References,6.75,-1.5
Timeliness and Relevance of References,7.75,1.5
Timeliness and Relevance of References,7.699999999999999,-0.9999999999999991
Timeliness and Relevance of References,8.0,1.0
Timeliness and Relevance of References,7.25,-1.5
Timeliness and Relevance of References,7.5,1.0
Avoidance of Plagiarism and Appropriate Citation,7.5,0.0
Avoidance of Plagiarism and Appropriate Citation,7.0,1.0
Avoidance of Plagiarism and Appropriate Citation,7.0,0.0
Avoidance of Plagiarism and Appropriate Citation,8.25,-0.5
Avoidance of Plagiarism and Appropriate Citation,7.25,-0.5
Avoidance of Plagiarism and Appropriate Citation,7.0,1.0
Avoidance of Plagiarism and Appropriate Citation,7.6,-0.20000000000000018
Avoidance of Plagiarism and Appropriate Citation,7.25,0.5
Avoidance of Plagiarism and Appropriate Citation,8.0,-1.0
Avoidance of Plagiarism and Appropriate Citation,7.75,0.5
Critical Analysis of Existing Research,7.25,-1.5
Critical Analysis of Existing Research,8.0,-1.0
Critical Analysis of Existing Research,7.75,-0.5
Critical Analysis of Existing Research,8.0,-1.0
Critical Analysis of Existing Research,6.5,-1.0
Critical Analysis of Existing Research,7.25,1.5
Critical Analysis of Existing Research,7.75,-0.8999999999999995
Critical Analysis of Existing Research,7.75,1.5
Critical Analysis of Existing Research,6.5,-2.0
Critical Analysis of Existing Research,7.5,1.0
Proposal of New Research Directions or Questions,6.75,-1.5
Proposal of New Research Directions or Questions,7.0,-3.0
Proposal of New Research Directions or Questions,7.25,-1.5
Proposal of New Research Directions or Questions,7.0,-2.0
Proposal of New Research Directions or Questions,5.5,-1.0
Proposal of New Research Directions or Questions,7.25,1.5
Proposal of New Research Directions or Questions,6.800000000000001,-0.7999999999999998
Proposal of New Research Directions or Questions,7.25,1.5
Proposal of New Research Directions or Questions,6.5,-2.0
Proposal of New Research Directions or Questions,7.0,1.0
Potential Contribution to the Field,7.5,-1.0
Potential Contribution to the Field,8.0,-1.0
Potential Contribution to the Field,7.75,0.5
Potential Contribution to the Field,7.75,-1.5
Potential Contribution to the Field,7.0,-1.0
Potential Contribution to the Field,7.25,1.5
Potential Contribution to the Field,7.1,-0.7999999999999998
Potential Contribution to the Field,7.5,1.0
Potential Contribution to the Field,7.25,-1.5
Potential Contribution to the Field,7.5,1.0
Clarity of Research Method Description,7.0,1.0
Clarity of Research Method Description,6.5,1.0
Clarity of Research Method Description,7.0,1.0
Clarity of Research Method Description,6.5,1.0
Clarity of Research Method Description,6.5,1.0
Clarity of Research Method Description,6.5,1.0
Clarity of Research Method Description,7.1,0.7999999999999998
Clarity of Research Method Description,6.75,0.5
Clarity of Research Method Description,8.0,-1.0
Clarity of Research Method Description,7.0,1.0
Rationality of Method Selection,7.0,1.0
Rationality of Method Selection,6.75,0.5
Rationality of Method Selection,7.25,0.5
Rationality of Method Selection,7.0,1.0
Rationality of Method Selection,7.5,1.0
Rationality of Method Selection,7.0,1.0
Rationality of Method Selection,6.7,1.0
Rationality of Method Selection,7.0,1.0
Rationality of Method Selection,7.25,-1.5
Rationality of Method Selection,7.0,1.0
Rigor of Research Design,6.0,1.0
Rigor of Research Design,5.75,0.5
Rigor of Research Design,6.25,0.5
Rigor of Research Design,6.5,1.0
Rigor of Research Design,6.25,0.5
Rigor of Research Design,6.0,1.0
Rigor of Research Design,6.0,1.0
Rigor of Research Design,6.25,0.5
Rigor of Research Design,6.75,-1.5
Rigor of Research Design,6.0,1.0
Inclusion of Latest Research Results,7.5,1.0
Inclusion of Latest Research Results,7.25,1.5
Inclusion of Latest Research Results,8.0,1.0
Inclusion of Latest Research Results,8.5,-1.0
Inclusion of Latest Research Results,7.5,-1.0
Inclusion of Latest Research Results,7.75,1.5
Inclusion of Latest Research Results,8.0,-0.8000000000000007
Inclusion of Latest Research Results,7.75,1.5
Inclusion of Latest Research Results,8.0,-1.0
Inclusion of Latest Research Results,7.5,1.0
Reflection of Current Research Hotspots,7.0,1.0
Reflection of Current Research Hotspots,7.25,1.5
Reflection of Current Research Hotspots,7.5,1.0
Reflection of Current Research Hotspots,8.0,-1.0
Reflection of Current Research Hotspots,6.5,-1.0
Reflection of Current Research Hotspots,7.25,1.5
Reflection of Current Research Hotspots,6.85,-0.7000000000000002
Reflection of Current Research Hotspots,7.5,1.0
Reflection of Current Research Hotspots,6.75,-1.5
Reflection of Current Research Hotspots,7.0,1.0
Fluency of Language Expression,7.25,1.5
Fluency of Language Expression,4.75,0.5
Fluency of Language Expression,4.75,0.5
Fluency of Language Expression,7.5,1.0
Fluency of Language Expression,5.5,-1.0
Fluency of Language Expression,4.0,1.0
Fluency of Language Expression,5.5,0.40000000000000036
Fluency of Language Expression,4.25,0.5
Fluency of Language Expression,5.5,-2.0
Fluency of Language Expression,4.25,0.5
Appropriateness of Professional Terminology Use,7.0,1.0
Appropriateness of Professional Terminology Use,4.75,0.5
Appropriateness of Professional Terminology Use,4.75,0.5
Appropriateness of Professional Terminology Use,7.0,1.0
Appropriateness of Professional Terminology Use,6.5,0.0
Appropriateness of Professional Terminology Use,7.25,1.5
Appropriateness of Professional Terminology Use,5.75,0.5
Appropriateness of Professional Terminology Use,4.75,0.5
Appropriateness of Professional Terminology Use,6.5,-2.0
Appropriateness of Professional Terminology Use,4.25,0.5
Conciseness of Expression,7.0,1.0
Conciseness of Expression,4.75,0.5
Conciseness of Expression,4.75,0.5
Conciseness of Expression,7.5,1.0
Conciseness of Expression,5.5,-1.0
Conciseness of Expression,6.25,1.5
Conciseness of Expression,6.25,1.0999999999999996
Conciseness of Expression,4.75,0.5
Conciseness of Expression,6.5,-2.0
Conciseness of Expression,4.25,0.5
Practical Application Potential of Research Results,7.25,1.5
Practical Application Potential of Research Results,7.0,1.0
Practical Application Potential of Research Results,7.5,1.0
Practical Application Potential of Research Results,7.75,0.5
Practical Application Potential of Research Results,6.5,-1.0
Practical Application Potential of Research Results,7.25,1.5
Practical Application Potential of Research Results,8.1,-0.6000000000000005
Practical Application Potential of Research Results,7.0,1.0
Practical Application Potential of Research Results,7.25,-1.5
Practical Application Potential of Research Results,7.25,1.5
Feasibility of Proposed Suggestions,6.75,1.5
Feasibility of Proposed Suggestions,7.0,1.0
Feasibility of Proposed Suggestions,6.75,0.5
Feasibility of Proposed Suggestions,7.5,1.0
Feasibility of Proposed Suggestions,6.5,-1.0
Feasibility of Proposed Suggestions,6.75,1.5
Feasibility of Proposed Suggestions,7.5,-0.5999999999999996
Feasibility of Proposed Suggestions,6.5,1.0
Feasibility of Proposed Suggestions,6.75,-1.5
Feasibility of Proposed Suggestions,7.0,1.0
Logic of Argumentation,7.0,1.0
Logic of Argumentation,6.0,1.0
Logic of Argumentation,6.75,0.5
Logic of Argumentation,7.5,1.0
Logic of Argumentation,7.5,-1.0
Logic of Argumentation,6.25,1.5
Logic of Argumentation,7.0,0.8000000000000007
Logic of Argumentation,6.75,0.5
Logic of Argumentation,6.75,-1.5
Logic of Argumentation,7.0,1.0
Multi-angle Analysis of Problems,6.75,0.5
Multi-angle Analysis of Problems,6.5,1.0
Multi-angle Analysis of Problems,6.75,0.5
Multi-angle Analysis of Problems,7.25,1.5
Multi-angle Analysis of Problems,6.5,-1.0
Multi-angle Analysis of Problems,7.0,1.0
Multi-angle Analysis of Problems,6.5,1.0
Multi-angle Analysis of Problems,6.75,0.5
Multi-angle Analysis of Problems,7.25,-1.5
Multi-angle Analysis of Problems,7.0,1.0
Identification and Discussion of Research Limitations,6.25,0.5
Identification and Discussion of Research Limitations,6.5,-1.0
Identification and Discussion of Research Limitations,6.25,0.5
Identification and Discussion of Research Limitations,6.75,1.5
Identification and Discussion of Research Limitations,6.0,0.0
Identification and Discussion of Research Limitations,6.0,1.0
Identification and Discussion of Research Limitations,6.0,1.0
Identification and Discussion of Research Limitations,6.25,0.5
Identification and Discussion of Research Limitations,6.5,-2.0
Identification and Discussion of Research Limitations,6.0,1.0
